instance_id,n_vars,n_clauses,method,satisfiable,time_seconds,solution
1,4,10,BestCase,U,3.9291102439165115e-05,"{1: True, 2: False, 3: False, 4: False}"
2,4,10,BestCase,S,3.645801916718483e-05,"{1: False, 2: True, 3: True, 4: True}"
3,4,10,BestCase,U,3.341690171509981e-05,"{1: True, 2: False, 3: True, 4: False}"
4,4,10,BestCase,S,1.225003506988287e-05,"{1: True, 2: True, 3: True, 4: False}"
5,4,10,BestCase,S,1.4791963621973991e-05,"{1: False, 2: False, 3: True, 4: True}"
6,4,10,BestCase,S,1.0500079952180386e-05,"{1: True, 2: True, 3: True, 4: True}"
7,4,10,BestCase,S,2.462498378008604e-05,"{1: False, 2: False, 3: True, 4: False}"
8,4,10,BestCase,U,4.0458980947732925e-05,"{1: True, 2: False, 3: True, 4: False}"
9,4,10,BestCase,U,1.537497155368328e-05,"{1: True, 2: False, 3: False, 4: False}"
10,4,10,BestCase,U,4.099996294826269e-05,"{1: True, 2: False, 3: False, 4: True}"
11,8,16,BestCase,U,0.0001539579825475812,"{1: False, 2: True, 3: False, 4: False, 5: True, 6: True, 7: False, 8: False}"
12,8,16,BestCase,U,0.00029925000853836536,"{1: True, 2: True, 3: False, 4: False, 5: False, 6: False, 7: False, 8: False}"
13,8,16,BestCase,S,5.904200952500105e-05,"{1: True, 2: False, 3: False, 4: False, 5: True, 6: True, 7: True, 8: False}"
14,8,16,BestCase,S,0.00012083398178219795,"{1: False, 2: True, 3: False, 4: True, 5: True, 6: True, 7: True, 8: True}"
15,8,16,BestCase,U,0.00018262502271682024,"{1: False, 2: True, 3: False, 4: True, 5: True, 6: True, 7: True, 8: True}"
16,8,16,BestCase,U,0.00010616693180054426,"{1: True, 2: True, 3: True, 4: False, 5: False, 6: False, 7: False, 8: False}"
17,8,16,BestCase,S,5.158304702490568e-05,"{1: True, 2: False, 3: False, 4: False, 5: False, 6: False, 7: True, 8: False}"
18,8,16,BestCase,U,0.0002235829597339034,"{1: True, 2: True, 3: True, 4: True, 5: False, 6: False, 7: True, 8: True}"
19,8,16,BestCase,S,4.199997056275606e-05,"{1: False, 2: True, 3: True, 4: False, 5: True, 6: True, 7: True, 8: False}"
20,8,16,BestCase,S,2.8250040486454964e-05,"{1: True, 2: True, 3: True, 4: False, 5: True, 6: True, 7: True, 8: True}"
21,12,24,BestCase,S,7.170892786234617e-05,"{1: True, 2: True, 3: True, 4: False, 5: True, 6: True, 7: True, 8: False, 9: True, 10: True, 11: True, 12: False}"
22,12,24,BestCase,S,0.0005407080752775073,"{1: True, 2: False, 3: False, 4: True, 5: False, 6: False, 7: False, 8: True, 9: True, 10: True, 11: False, 12: False}"
23,12,24,BestCase,U,0.0006321250693872571,"{1: True, 2: True, 3: False, 4: True, 5: False, 6: False, 7: False, 8: False, 9: True, 10: True, 11: True, 12: False}"
24,12,24,BestCase,U,0.0002600420266389847,"{1: False, 2: True, 3: False, 4: False, 5: True, 6: False, 7: False, 8: False, 9: False, 10: False, 11: False, 12: False}"
25,12,24,BestCase,S,7.095804903656244e-05,"{1: True, 2: False, 3: True, 4: True, 5: True, 6: False, 7: True, 8: True, 9: False, 10: True, 11: False, 12: False}"
26,12,24,BestCase,U,0.000856833066791296,"{1: True, 2: False, 3: True, 4: True, 5: True, 6: True, 7: True, 8: True, 9: True, 10: True, 11: False, 12: False}"
27,12,24,BestCase,U,0.00037929206155240536,"{1: True, 2: True, 3: False, 4: True, 5: False, 6: False, 7: False, 8: False, 9: False, 10: False, 11: False, 12: False}"
28,12,24,BestCase,S,0.00031587504781782627,"{1: True, 2: False, 3: True, 4: False, 5: True, 6: False, 7: False, 8: True, 9: True, 10: True, 11: True, 12: True}"
29,12,24,BestCase,U,0.001231792033649981,"{1: False, 2: True, 3: True, 4: True, 5: True, 6: False, 7: True, 8: True, 9: False, 10: True, 11: True, 12: True}"
30,12,24,BestCase,S,0.0010991249000653625,"{1: False, 2: False, 3: True, 4: True, 5: False, 6: True, 7: True, 8: True, 9: True, 10: True, 11: True, 12: False}"
31,16,32,BestCase,S,0.00214862497523427,"{1: True, 2: False, 3: False, 4: True, 5: False, 6: True, 7: True, 8: False, 9: True, 10: True, 11: True, 12: True, 13: True, 14: True, 15: False, 16: False}"
32,16,32,BestCase,U,0.0006357079837471247,"{1: True, 2: True, 3: True, 4: False, 5: True, 6: False, 7: False, 8: True, 9: True, 10: True, 11: True, 12: False, 13: False, 14: False, 15: False, 16: False}"
33,16,32,BestCase,S,0.0015759579837322235,"{1: False, 2: True, 3: False, 4: True, 5: False, 6: True, 7: False, 8: True, 9: True, 10: True, 11: False, 12: True, 13: True, 14: True, 15: True, 16: True}"
34,16,32,BestCase,S,0.00044925010297447443,"{1: True, 2: True, 3: True, 4: True, 5: True, 6: True, 7: False, 8: True, 9: False, 10: True, 11: True, 12: False, 13: True, 14: True, 15: True, 16: True}"
35,16,32,BestCase,U,0.000839624903164804,"{1: False, 2: True, 3: True, 4: True, 5: True, 6: True, 7: True, 8: True, 9: False, 10: False, 11: True, 12: False, 13: False, 14: False, 15: False, 16: False}"
36,16,32,BestCase,S,0.001016375026665628,"{1: True, 2: True, 3: False, 4: True, 5: True, 6: False, 7: True, 8: True, 9: True, 10: True, 11: True, 12: True, 13: False, 14: True, 15: True, 16: True}"
37,16,32,BestCase,U,0.0009417079854756594,"{1: True, 2: True, 3: True, 4: True, 5: False, 6: True, 7: True, 8: True, 9: False, 10: True, 11: False, 12: False, 13: False, 14: False, 15: False, 16: False}"
38,16,32,BestCase,U,0.0029362919740378857,"{1: True, 2: True, 3: True, 4: True, 5: True, 6: True, 7: True, 8: True, 9: False, 10: False, 11: True, 12: False, 13: True, 14: True, 15: True, 16: True}"
39,16,32,BestCase,S,0.0003962090704590082,"{1: True, 2: False, 3: True, 4: True, 5: False, 6: False, 7: True, 8: False, 9: True, 10: False, 11: True, 12: True, 13: False, 14: False, 15: True, 16: False}"
40,16,32,BestCase,U,0.0047227080212906,"{1: False, 2: False, 3: True, 4: False, 5: True, 6: True, 7: False, 8: False, 9: True, 10: False, 11: True, 12: True, 13: True, 14: False, 15: False, 16: True}"
41,18,36,BestCase,U,0.0023603750159963965,"{1: False, 2: True, 3: True, 4: True, 5: True, 6: True, 7: True, 8: False, 9: True, 10: True, 11: False, 12: True, 13: True, 14: False, 15: False, 16: False, 17: False, 18: False}"
42,18,36,BestCase,U,0.00129258306697011,"{1: False, 2: True, 3: False, 4: True, 5: True, 6: True, 7: True, 8: False, 9: False, 10: True, 11: True, 12: False, 13: False, 14: False, 15: False, 16: False, 17: False, 18: False}"
43,18,36,BestCase,U,0.0002970000496134162,"{1: True, 2: True, 3: False, 4: False, 5: False, 6: True, 7: False, 8: False, 9: False, 10: False, 11: False, 12: False, 13: False, 14: False, 15: False, 16: False, 17: False, 18: False}"
44,18,36,BestCase,U,0.004748374922201037,"{1: True, 2: True, 3: True, 4: False, 5: False, 6: False, 7: True, 8: True, 9: False, 10: False, 11: False, 12: False, 13: True, 14: False, 15: False, 16: False, 17: False, 18: False}"
45,18,36,BestCase,U,0.0005032080225646496,"{1: False, 2: True, 3: False, 4: False, 5: False, 6: False, 7: True, 8: True, 9: False, 10: False, 11: False, 12: False, 13: False, 14: False, 15: False, 16: False, 17: False, 18: False}"
46,18,36,BestCase,U,0.005851916968822479,"{1: True, 2: True, 3: True, 4: True, 5: True, 6: True, 7: False, 8: True, 9: False, 10: True, 11: False, 12: True, 13: True, 14: False, 15: False, 16: True, 17: True, 18: False}"
47,18,36,BestCase,U,0.01002654095645994,"{1: True, 2: True, 3: True, 4: True, 5: True, 6: False, 7: True, 8: True, 9: True, 10: True, 11: False, 12: False, 13: True, 14: False, 15: False, 16: False, 17: True, 18: False}"
48,18,36,BestCase,S,0.00013925007078796625,"{1: True, 2: True, 3: True, 4: False, 5: True, 6: False, 7: True, 8: False, 9: True, 10: True, 11: False, 12: False, 13: True, 14: False, 15: True, 16: False, 17: False, 18: False}"
49,18,36,BestCase,U,0.005274583003483713,"{1: True, 2: True, 3: True, 4: True, 5: True, 6: True, 7: True, 8: True, 9: True, 10: True, 11: True, 12: False, 13: True, 14: False, 15: False, 16: False, 17: False, 18: False}"
50,18,36,BestCase,S,0.0004731660010293126,"{1: True, 2: True, 3: True, 4: True, 5: True, 6: False, 7: False, 8: False, 9: True, 10: True, 11: True, 12: True, 13: False, 14: False, 15: True, 16: True, 17: False, 18: False}"
51,20,40,BestCase,U,0.0192294999724254,"{1: True, 2: True, 3: True, 4: True, 5: True, 6: True, 7: True, 8: False, 9: False, 10: True, 11: True, 12: True, 13: True, 14: True, 15: False, 16: False, 17: False, 18: True, 19: True, 20: False}"
52,20,40,BestCase,U,0.01849495805799961,"{1: True, 2: True, 3: True, 4: False, 5: False, 6: True, 7: False, 8: False, 9: False, 10: False, 11: True, 12: True, 13: True, 14: True, 15: False, 16: True, 17: False, 18: False, 19: False, 20: False}"
53,20,40,BestCase,S,0.0013110419968143106,"{1: True, 2: False, 3: True, 4: True, 5: False, 6: True, 7: True, 8: False, 9: False, 10: False, 11: True, 12: False, 13: True, 14: False, 15: True, 16: False, 17: True, 18: True, 19: True, 20: True}"
54,20,40,BestCase,U,0.01476516597904265,"{1: False, 2: True, 3: True, 4: True, 5: False, 6: True, 7: True, 8: True, 9: True, 10: False, 11: False, 12: True, 13: False, 14: True, 15: True, 16: False, 17: True, 18: True, 19: False, 20: False}"
55,20,40,BestCase,U,0.0036451249616220593,"{1: False, 2: False, 3: True, 4: True, 5: True, 6: False, 7: True, 8: True, 9: False, 10: False, 11: True, 12: False, 13: False, 14: True, 15: True, 16: True, 17: True, 18: True, 19: False, 20: False}"
56,20,40,BestCase,U,0.05107516597490758,"{1: True, 2: True, 3: True, 4: True, 5: True, 6: True, 7: False, 8: False, 9: True, 10: False, 11: True, 12: True, 13: False, 14: True, 15: False, 16: True, 17: False, 18: False, 19: False, 20: False}"
57,20,40,BestCase,U,0.007305000093765557,"{1: False, 2: True, 3: True, 4: False, 5: False, 6: True, 7: True, 8: True, 9: False, 10: True, 11: True, 12: False, 13: True, 14: True, 15: False, 16: True, 17: False, 18: True, 19: False, 20: False}"
58,20,40,BestCase,S,0.0012509999796748161,"{1: True, 2: True, 3: False, 4: False, 5: False, 6: True, 7: False, 8: True, 9: False, 10: False, 11: False, 12: True, 13: False, 14: True, 15: True, 16: True, 17: True, 18: True, 19: True, 20: False}"
59,20,40,BestCase,U,0.0007133340695872903,"{1: False, 2: False, 3: False, 4: False, 5: False, 6: False, 7: False, 8: False, 9: False, 10: False, 11: False, 12: False, 13: False, 14: False, 15: False, 16: False, 17: False, 18: False, 19: False, 20: False}"
60,20,40,BestCase,S,0.004234458087012172,"{1: True, 2: True, 3: False, 4: True, 5: True, 6: False, 7: False, 8: False, 9: False, 10: False, 11: True, 12: True, 13: False, 14: False, 15: False, 16: False, 17: False, 18: True, 19: False, 20: False}"
61,22,44,BestCase,S,0.012252915999852121,"{1: True, 2: False, 3: True, 4: True, 5: True, 6: False, 7: True, 8: True, 9: True, 10: False, 11: True, 12: False, 13: True, 14: True, 15: False, 16: False, 17: False, 18: True, 19: True, 20: True, 21: False, 22: False}"
62,22,44,BestCase,U,0.0060536249075084925,"{1: True, 2: True, 3: True, 4: True, 5: False, 6: False, 7: True, 8: True, 9: False, 10: False, 11: False, 12: False, 13: True, 14: True, 15: True, 16: False, 17: True, 18: False, 19: False, 20: False, 21: False, 22: False}"
63,22,44,BestCase,U,0.01063733291812241,"{1: True, 2: True, 3: False, 4: True, 5: True, 6: False, 7: True, 8: True, 9: False, 10: True, 11: False, 12: True, 13: True, 14: False, 15: True, 16: False, 17: True, 18: True, 19: False, 20: False, 21: True, 22: False}"
64,22,44,BestCase,U,0.002694541006349027,"{1: True, 2: False, 3: False, 4: True, 5: False, 6: False, 7: True, 8: False, 9: True, 10: True, 11: False, 12: False, 13: False, 14: False, 15: False, 16: False, 17: False, 18: False, 19: False, 20: False, 21: False, 22: False}"
65,22,44,BestCase,U,0.06850487494375557,"{1: True, 2: True, 3: False, 4: True, 5: False, 6: False, 7: True, 8: True, 9: False, 10: False, 11: True, 12: True, 13: True, 14: False, 15: False, 16: True, 17: True, 18: True, 19: True, 20: False, 21: True, 22: True}"
66,22,44,BestCase,U,0.004958875011652708,"{1: False, 2: True, 3: True, 4: True, 5: False, 6: True, 7: True, 8: True, 9: False, 10: True, 11: False, 12: False, 13: False, 14: False, 15: False, 16: False, 17: False, 18: False, 19: False, 20: False, 21: False, 22: False}"
67,22,44,BestCase,U,0.13159404206089675,"{1: False, 2: True, 3: True, 4: False, 5: False, 6: False, 7: True, 8: True, 9: True, 10: True, 11: False, 12: False, 13: False, 14: True, 15: False, 16: True, 17: False, 18: False, 19: False, 20: False, 21: False, 22: False}"
68,22,44,BestCase,U,0.02633754094131291,"{1: True, 2: True, 3: True, 4: False, 5: True, 6: True, 7: True, 8: False, 9: True, 10: True, 11: True, 12: True, 13: True, 14: True, 15: True, 16: True, 17: True, 18: True, 19: True, 20: False, 21: False, 22: False}"
69,22,44,BestCase,U,0.0061238749185577035,"{1: True, 2: False, 3: False, 4: False, 5: True, 6: True, 7: True, 8: True, 9: False, 10: False, 11: True, 12: True, 13: True, 14: True, 15: True, 16: True, 17: True, 18: True, 19: False, 20: False, 21: False, 22: False}"
70,22,44,BestCase,U,8.033402264118195e-05,"{1: True, 2: True, 3: True, 4: False, 5: False, 6: False, 7: False, 8: False, 9: False, 10: False, 11: False, 12: False, 13: False, 14: False, 15: False, 16: False, 17: False, 18: False, 19: False, 20: False, 21: False, 22: False}"
71,24,48,BestCase,S,0.0019087089458480477,"{1: False, 2: True, 3: True, 4: True, 5: False, 6: True, 7: True, 8: True, 9: True, 10: True, 11: False, 12: True, 13: False, 14: True, 15: False, 16: True, 17: True, 18: True, 19: True, 20: False, 21: False, 22: True, 23: True, 24: True}"
72,24,48,BestCase,U,0.04711925005540252,"{1: True, 2: True, 3: False, 4: True, 5: True, 6: True, 7: True, 8: True, 9: True, 10: True, 11: True, 12: True, 13: True, 14: False, 15: False, 16: False, 17: True, 18: True, 19: False, 20: False, 21: True, 22: False, 23: False, 24: False}"
73,24,48,BestCase,U,0.0226044999435544,"{1: False, 2: False, 3: True, 4: False, 5: True, 6: False, 7: True, 8: False, 9: False, 10: True, 11: True, 12: True, 13: True, 14: False, 15: True, 16: False, 17: False, 18: True, 19: False, 20: True, 21: False, 22: False, 23: False, 24: False}"
74,24,48,BestCase,S,0.011132291983813047,"{1: False, 2: True, 3: True, 4: True, 5: False, 6: True, 7: False, 8: True, 9: True, 10: False, 11: False, 12: True, 13: True, 14: True, 15: False, 16: False, 17: False, 18: True, 19: True, 20: False, 21: True, 22: False, 23: True, 24: True}"
75,24,48,BestCase,U,0.011811250005848706,"{1: True, 2: True, 3: True, 4: True, 5: True, 6: False, 7: False, 8: True, 9: True, 10: False, 11: False, 12: False, 13: True, 14: False, 15: False, 16: True, 17: False, 18: False, 19: False, 20: False, 21: False, 22: False, 23: False, 24: False}"
76,24,48,BestCase,U,0.07167970901355147,"{1: True, 2: True, 3: True, 4: True, 5: False, 6: False, 7: True, 8: True, 9: True, 10: True, 11: True, 12: True, 13: False, 14: False, 15: True, 16: False, 17: False, 18: False, 19: False, 20: False, 21: False, 22: False, 23: False, 24: False}"
77,24,48,BestCase,U,0.0007012090645730495,"{1: False, 2: True, 3: True, 4: True, 5: True, 6: True, 7: False, 8: True, 9: True, 10: False, 11: False, 12: False, 13: False, 14: False, 15: False, 16: False, 17: False, 18: False, 19: False, 20: False, 21: False, 22: False, 23: False, 24: False}"
78,24,48,BestCase,U,0.0013549169525504112,"{1: True, 2: False, 3: False, 4: False, 5: False, 6: False, 7: False, 8: True, 9: True, 10: True, 11: True, 12: True, 13: False, 14: False, 15: False, 16: False, 17: False, 18: False, 19: False, 20: False, 21: False, 22: False, 23: False, 24: False}"
79,24,48,BestCase,U,0.2537902909098193,"{1: True, 2: False, 3: True, 4: False, 5: True, 6: False, 7: True, 8: True, 9: True, 10: True, 11: True, 12: False, 13: True, 14: True, 15: False, 16: False, 17: False, 18: True, 19: True, 20: False, 21: False, 22: False, 23: True, 24: True}"
80,24,48,BestCase,S,0.009895624942146242,"{1: True, 2: True, 3: True, 4: False, 5: True, 6: False, 7: True, 8: False, 9: True, 10: True, 11: True, 12: True, 13: True, 14: True, 15: True, 16: True, 17: False, 18: True, 19: True, 20: True, 21: False, 22: True, 23: False, 24: True}"
81,4,20,BestCase,U,4.858395550400019e-05,"{1: False, 2: True, 3: False, 4: False}"
82,4,20,BestCase,S,6.237498018890619e-05,"{1: True, 2: False, 3: False, 4: False}"
83,4,20,BestCase,S,5.825003609061241e-05,"{1: False, 2: True, 3: True, 4: False}"
84,4,20,BestCase,S,2.5084009394049644e-05,"{1: True, 2: True, 3: True, 4: False}"
85,4,20,BestCase,U,6.612506695091724e-05,"{1: True, 2: True, 3: True, 4: True}"
86,4,20,BestCase,S,3.1791976653039455e-05,"{1: True, 2: True, 3: False, 4: True}"
87,4,20,BestCase,U,7.362500764429569e-05,"{1: True, 2: True, 3: False, 4: False}"
88,4,20,BestCase,U,6.462505552917719e-05,"{1: True, 2: True, 3: True, 4: False}"
89,4,20,BestCase,U,6.808398757129908e-05,"{1: True, 2: True, 3: True, 4: True}"
90,4,20,BestCase,S,3.066693898290396e-05,"{1: True, 2: False, 3: True, 4: False}"
91,8,40,BestCase,S,8.362496737390757e-05,"{1: True, 2: True, 3: True, 4: True, 5: True, 6: False, 7: False, 8: True}"
92,8,40,BestCase,S,0.0004012079443782568,"{1: True, 2: False, 3: False, 4: True, 5: True, 6: False, 7: False, 8: False}"
93,8,40,BestCase,S,0.0001930838916450739,"{1: True, 2: False, 3: False, 4: True, 5: False, 6: True, 7: True, 8: False}"
94,8,40,BestCase,U,0.00034912500996142626,"{1: False, 2: True, 3: True, 4: True, 5: True, 6: False, 7: True, 8: False}"
95,8,40,BestCase,U,0.00044583308044821024,"{1: False, 2: False, 3: True, 4: True, 5: True, 6: False, 7: False, 8: False}"
96,8,40,BestCase,U,0.0006497919093817472,"{1: True, 2: False, 3: False, 4: False, 5: False, 6: False, 7: False, 8: True}"
97,8,40,BestCase,U,0.0005510000046342611,"{1: True, 2: True, 3: True, 4: True, 5: True, 6: True, 7: True, 8: False}"
98,8,40,BestCase,U,0.0012530419044196606,"{1: True, 2: False, 3: True, 4: True, 5: False, 6: False, 7: True, 8: False}"
99,8,40,BestCase,U,0.002083375002257526,"{1: True, 2: True, 3: True, 4: True, 5: True, 6: True, 7: False, 8: False}"
100,8,40,BestCase,U,0.0011483330745249987,"{1: True, 2: True, 3: True, 4: True, 5: False, 6: True, 7: True, 8: True}"
101,12,60,BestCase,U,0.013992749969474971,"{1: True, 2: True, 3: True, 4: True, 5: True, 6: True, 7: False, 8: False, 9: False, 10: True, 11: True, 12: False}"
102,12,60,BestCase,S,0.0018159169703722,"{1: True, 2: True, 3: False, 4: True, 5: True, 6: True, 7: False, 8: False, 9: False, 10: False, 11: False, 12: False}"
103,12,60,BestCase,U,0.014302292023785412,"{1: True, 2: True, 3: True, 4: False, 5: True, 6: False, 7: True, 8: True, 9: True, 10: False, 11: False, 12: False}"
104,12,60,BestCase,S,0.00175008294172585,"{1: True, 2: False, 3: False, 4: False, 5: False, 6: False, 7: False, 8: False, 9: False, 10: False, 11: True, 12: False}"
105,12,60,BestCase,U,0.0174621669575572,"{1: True, 2: True, 3: True, 4: True, 5: False, 6: False, 7: True, 8: True, 9: False, 10: True, 11: False, 12: False}"
106,12,60,BestCase,U,0.008277249988168478,"{1: False, 2: False, 3: False, 4: False, 5: False, 6: False, 7: False, 8: True, 9: True, 10: True, 11: False, 12: True}"
107,12,60,BestCase,U,0.003697332926094532,"{1: True, 2: False, 3: True, 4: False, 5: True, 6: False, 7: True, 8: False, 9: True, 10: False, 11: True, 12: False}"
108,12,60,BestCase,U,0.009981208015233278,"{1: True, 2: True, 3: False, 4: True, 5: True, 6: True, 7: True, 8: False, 9: False, 10: True, 11: False, 12: False}"
109,12,60,BestCase,S,0.0003426669863983989,"{1: True, 2: True, 3: False, 4: False, 5: True, 6: False, 7: False, 8: True, 9: True, 10: True, 11: False, 12: False}"
110,12,60,BestCase,U,0.0025034589925780892,"{1: False, 2: True, 3: False, 4: False, 5: False, 6: True, 7: False, 8: False, 9: False, 10: True, 11: False, 12: False}"
111,16,80,BestCase,U,0.02457079105079174,"{1: True, 2: True, 3: True, 4: False, 5: True, 6: True, 7: False, 8: True, 9: False, 10: False, 11: False, 12: False, 13: False, 14: True, 15: True, 16: False}"
112,16,80,BestCase,S,0.012999832979403436,"{1: False, 2: True, 3: True, 4: True, 5: False, 6: True, 7: True, 8: True, 9: False, 10: True, 11: False, 12: True, 13: False, 14: True, 15: True, 16: True}"
113,16,80,BestCase,U,0.03815879090689123,"{1: True, 2: True, 3: True, 4: True, 5: True, 6: True, 7: True, 8: True, 9: True, 10: True, 11: True, 12: False, 13: True, 14: True, 15: True, 16: False}"
114,16,80,BestCase,U,0.0375497080385685,"{1: True, 2: True, 3: True, 4: False, 5: False, 6: False, 7: False, 8: False, 9: True, 10: True, 11: True, 12: True, 13: False, 14: True, 15: True, 16: True}"
115,16,80,BestCase,U,0.008680457947775722,"{1: False, 2: False, 3: True, 4: False, 5: True, 6: True, 7: True, 8: True, 9: True, 10: False, 11: False, 12: True, 13: True, 14: False, 15: False, 16: False}"
116,16,80,BestCase,U,0.01928762497846037,"{1: False, 2: True, 3: True, 4: True, 5: True, 6: False, 7: True, 8: True, 9: False, 10: True, 11: False, 12: True, 13: True, 14: False, 15: True, 16: False}"
117,16,80,BestCase,U,0.01407041703350842,"{1: True, 2: True, 3: True, 4: False, 5: True, 6: False, 7: True, 8: False, 9: False, 10: False, 11: False, 12: False, 13: True, 14: True, 15: False, 16: True}"
118,16,80,BestCase,U,0.015107374987564981,"{1: True, 2: True, 3: True, 4: False, 5: False, 6: False, 7: True, 8: False, 9: True, 10: False, 11: True, 12: True, 13: True, 14: False, 15: False, 16: False}"
119,16,80,BestCase,U,0.013784167007543147,"{1: True, 2: True, 3: True, 4: True, 5: False, 6: False, 7: True, 8: False, 9: False, 10: True, 11: True, 12: False, 13: False, 14: False, 15: False, 16: False}"
120,16,80,BestCase,S,0.01561287499498576,"{1: False, 2: False, 3: False, 4: True, 5: False, 6: False, 7: True, 8: False, 9: False, 10: True, 11: True, 12: True, 13: True, 14: False, 15: True, 16: True}"
121,18,90,BestCase,U,0.06250779202673584,"{1: True, 2: True, 3: False, 4: False, 5: True, 6: True, 7: False, 8: False, 9: False, 10: True, 11: True, 12: False, 13: True, 14: True, 15: False, 16: False, 17: True, 18: False}"
122,18,90,BestCase,U,0.03496495902072638,"{1: False, 2: False, 3: True, 4: False, 5: False, 6: False, 7: False, 8: False, 9: False, 10: False, 11: True, 12: True, 13: True, 14: True, 15: True, 16: False, 17: False, 18: False}"
123,18,90,BestCase,U,0.038093124981969595,"{1: True, 2: True, 3: True, 4: True, 5: False, 6: True, 7: False, 8: True, 9: True, 10: True, 11: True, 12: False, 13: False, 14: False, 15: False, 16: False, 17: False, 18: False}"
124,18,90,BestCase,U,0.030013374984264374,"{1: True, 2: True, 3: False, 4: True, 5: False, 6: False, 7: True, 8: False, 9: False, 10: False, 11: True, 12: True, 13: True, 14: False, 15: False, 16: False, 17: False, 18: False}"
125,18,90,BestCase,U,0.06151716597378254,"{1: True, 2: True, 3: True, 4: False, 5: True, 6: False, 7: True, 8: False, 9: True, 10: False, 11: False, 12: False, 13: True, 14: True, 15: False, 16: True, 17: False, 18: False}"
126,18,90,BestCase,S,0.0017664999468252063,"{1: True, 2: True, 3: True, 4: False, 5: True, 6: False, 7: True, 8: False, 9: False, 10: True, 11: True, 12: False, 13: True, 14: False, 15: False, 16: False, 17: True, 18: False}"
127,18,90,BestCase,S,0.00893787492532283,"{1: True, 2: False, 3: True, 4: True, 5: True, 6: False, 7: False, 8: True, 9: True, 10: False, 11: False, 12: True, 13: False, 14: False, 15: False, 16: False, 17: False, 18: True}"
128,18,90,BestCase,S,0.00038537499494850636,"{1: True, 2: True, 3: True, 4: True, 5: True, 6: False, 7: True, 8: True, 9: False, 10: False, 11: False, 12: False, 13: True, 14: True, 15: False, 16: True, 17: True, 18: True}"
129,18,90,BestCase,U,0.07646733405999839,"{1: False, 2: True, 3: True, 4: True, 5: False, 6: True, 7: True, 8: True, 9: False, 10: True, 11: True, 12: True, 13: True, 14: True, 15: False, 16: True, 17: False, 18: False}"
130,18,90,BestCase,S,0.015780791989527643,"{1: False, 2: True, 3: True, 4: True, 5: True, 6: False, 7: True, 8: True, 9: True, 10: False, 11: True, 12: False, 13: False, 14: False, 15: True, 16: False, 17: True, 18: False}"
131,20,100,BestCase,S,0.01647866691928357,"{1: True, 2: True, 3: False, 4: False, 5: True, 6: False, 7: False, 8: True, 9: True, 10: False, 11: True, 12: True, 13: False, 14: False, 15: False, 16: True, 17: True, 18: True, 19: False, 20: True}"
132,20,100,BestCase,U,0.11766354099381715,"{1: True, 2: False, 3: False, 4: False, 5: True, 6: False, 7: False, 8: True, 9: True, 10: True, 11: True, 12: True, 13: True, 14: True, 15: False, 16: False, 17: True, 18: False, 19: False, 20: False}"
133,20,100,BestCase,S,0.006091958028264344,"{1: True, 2: False, 3: False, 4: True, 5: True, 6: True, 7: False, 8: True, 9: True, 10: True, 11: True, 12: False, 13: True, 14: True, 15: False, 16: True, 17: False, 18: True, 19: False, 20: False}"
134,20,100,BestCase,U,0.12456562498118728,"{1: True, 2: True, 3: False, 4: False, 5: False, 6: False, 7: True, 8: True, 9: True, 10: True, 11: True, 12: False, 13: False, 14: True, 15: False, 16: True, 17: False, 18: False, 19: False, 20: False}"
135,20,100,BestCase,S,0.011284749954938889,"{1: True, 2: True, 3: False, 4: True, 5: True, 6: True, 7: False, 8: True, 9: True, 10: True, 11: True, 12: False, 13: False, 14: False, 15: False, 16: False, 17: True, 18: True, 19: False, 20: True}"
136,20,100,BestCase,U,0.10451974999159575,"{1: False, 2: False, 3: True, 4: True, 5: False, 6: True, 7: False, 8: False, 9: True, 10: True, 11: True, 12: True, 13: True, 14: True, 15: True, 16: True, 17: True, 18: True, 19: True, 20: False}"
137,20,100,BestCase,U,0.09774616698268801,"{1: False, 2: True, 3: False, 4: True, 5: True, 6: True, 7: True, 8: True, 9: True, 10: True, 11: True, 12: False, 13: True, 14: False, 15: False, 16: True, 17: True, 18: True, 19: False, 20: False}"
138,20,100,BestCase,S,0.010384625056758523,"{1: True, 2: True, 3: False, 4: True, 5: False, 6: True, 7: False, 8: True, 9: True, 10: False, 11: True, 12: False, 13: True, 14: True, 15: True, 16: True, 17: True, 18: True, 19: True, 20: True}"
139,20,100,BestCase,U,0.0636770409764722,"{1: True, 2: False, 3: True, 4: True, 5: True, 6: True, 7: True, 8: False, 9: True, 10: True, 11: True, 12: True, 13: False, 14: True, 15: True, 16: False, 17: True, 18: False, 19: False, 20: False}"
140,20,100,BestCase,U,0.07235295802820474,"{1: True, 2: True, 3: True, 4: True, 5: False, 6: True, 7: True, 8: True, 9: False, 10: True, 11: True, 12: False, 13: True, 14: False, 15: False, 16: False, 17: False, 18: True, 19: True, 20: False}"
141,22,110,BestCase,S,0.0133972920011729,"{1: True, 2: True, 3: True, 4: False, 5: False, 6: True, 7: True, 8: False, 9: True, 10: True, 11: True, 12: False, 13: False, 14: False, 15: True, 16: True, 17: False, 18: True, 19: False, 20: True, 21: False, 22: True}"
142,22,110,BestCase,S,0.03550787502899766,"{1: True, 2: False, 3: False, 4: True, 5: False, 6: True, 7: True, 8: True, 9: False, 10: True, 11: True, 12: False, 13: True, 14: True, 15: False, 16: False, 17: False, 18: True, 19: True, 20: False, 21: True, 22: True}"
143,22,110,BestCase,U,0.13076700002420694,"{1: False, 2: False, 3: True, 4: False, 5: True, 6: True, 7: False, 8: False, 9: True, 10: True, 11: False, 12: True, 13: True, 14: True, 15: True, 16: True, 17: True, 18: False, 19: True, 20: True, 21: False, 22: False}"
144,22,110,BestCase,U,0.14508037501946092,"{1: True, 2: True, 3: True, 4: True, 5: True, 6: True, 7: True, 8: False, 9: True, 10: True, 11: True, 12: False, 13: True, 14: False, 15: True, 16: False, 17: False, 18: False, 19: False, 20: False, 21: False, 22: False}"
145,22,110,BestCase,U,0.1978565000463277,"{1: True, 2: True, 3: True, 4: False, 5: True, 6: False, 7: True, 8: False, 9: False, 10: False, 11: False, 12: False, 13: True, 14: True, 15: True, 16: False, 17: False, 18: True, 19: False, 20: True, 21: True, 22: True}"
146,22,110,BestCase,U,0.1812190420459956,"{1: False, 2: True, 3: True, 4: False, 5: True, 6: True, 7: True, 8: False, 9: True, 10: False, 11: False, 12: True, 13: True, 14: True, 15: False, 16: True, 17: True, 18: False, 19: False, 20: False, 21: False, 22: False}"
147,22,110,BestCase,U,0.15281516697723418,"{1: True, 2: False, 3: False, 4: True, 5: False, 6: False, 7: False, 8: False, 9: True, 10: True, 11: True, 12: True, 13: False, 14: True, 15: True, 16: True, 17: False, 18: False, 19: True, 20: True, 21: True, 22: False}"
148,22,110,BestCase,U,0.30291337496601045,"{1: True, 2: True, 3: False, 4: True, 5: True, 6: True, 7: True, 8: False, 9: False, 10: True, 11: False, 12: False, 13: False, 14: True, 15: False, 16: False, 17: False, 18: True, 19: False, 20: False, 21: False, 22: False}"
149,22,110,BestCase,S,0.010370417032390833,"{1: True, 2: True, 3: False, 4: False, 5: True, 6: True, 7: False, 8: False, 9: False, 10: True, 11: True, 12: False, 13: False, 14: True, 15: False, 16: True, 17: True, 18: True, 19: False, 20: False, 21: False, 22: False}"
150,22,110,BestCase,S,0.08419412502553314,"{1: False, 2: False, 3: True, 4: True, 5: True, 6: True, 7: False, 8: True, 9: False, 10: True, 11: True, 12: True, 13: True, 14: True, 15: False, 16: True, 17: False, 18: True, 19: False, 20: True, 21: False, 22: False}"
151,24,120,BestCase,U,0.7408605419332162,"{1: True, 2: True, 3: False, 4: True, 5: True, 6: False, 7: True, 8: False, 9: False, 10: True, 11: True, 12: False, 13: False, 14: True, 15: False, 16: True, 17: True, 18: True, 19: True, 20: False, 21: False, 22: False, 23: False, 24: False}"
152,24,120,BestCase,U,0.25172962492797524,"{1: True, 2: True, 3: False, 4: False, 5: False, 6: True, 7: True, 8: True, 9: True, 10: False, 11: True, 12: False, 13: False, 14: False, 15: True, 16: False, 17: True, 18: True, 19: True, 20: False, 21: False, 22: False, 23: False, 24: False}"
153,24,120,BestCase,U,0.7373992080101743,"{1: True, 2: True, 3: False, 4: True, 5: True, 6: False, 7: False, 8: False, 9: False, 10: False, 11: True, 12: False, 13: False, 14: True, 15: True, 16: False, 17: True, 18: False, 19: False, 20: True, 21: True, 22: False, 23: True, 24: False}"
154,24,120,BestCase,U,0.23631866707000881,"{1: True, 2: False, 3: False, 4: False, 5: True, 6: False, 7: True, 8: False, 9: True, 10: False, 11: True, 12: False, 13: False, 14: False, 15: False, 16: False, 17: True, 18: False, 19: False, 20: False, 21: False, 22: False, 23: False, 24: False}"
155,24,120,BestCase,U,0.38241320790257305,"{1: True, 2: True, 3: False, 4: True, 5: True, 6: False, 7: True, 8: True, 9: True, 10: True, 11: False, 12: False, 13: True, 14: True, 15: False, 16: False, 17: False, 18: True, 19: True, 20: False, 21: True, 22: True, 23: True, 24: False}"
156,24,120,BestCase,U,0.43023516691755503,"{1: False, 2: True, 3: True, 4: True, 5: False, 6: True, 7: True, 8: False, 9: True, 10: True, 11: True, 12: False, 13: True, 14: False, 15: True, 16: True, 17: True, 18: False, 19: True, 20: True, 21: False, 22: False, 23: False, 24: False}"
157,24,120,BestCase,U,0.10755108296871185,"{1: False, 2: False, 3: False, 4: True, 5: True, 6: True, 7: False, 8: False, 9: False, 10: False, 11: False, 12: True, 13: True, 14: False, 15: True, 16: False, 17: False, 18: False, 19: False, 20: False, 21: False, 22: False, 23: False, 24: False}"
158,24,120,BestCase,U,0.08265354204922915,"{1: True, 2: False, 3: True, 4: False, 5: False, 6: False, 7: False, 8: False, 9: False, 10: True, 11: False, 12: False, 13: True, 14: True, 15: False, 16: False, 17: False, 18: True, 19: True, 20: True, 21: False, 22: False, 23: False, 24: False}"
159,24,120,BestCase,U,0.4171782500343397,"{1: True, 2: True, 3: True, 4: False, 5: False, 6: False, 7: True, 8: True, 9: False, 10: True, 11: False, 12: True, 13: False, 14: True, 15: False, 16: False, 17: False, 18: True, 19: False, 20: False, 21: False, 22: False, 23: False, 24: False}"
160,24,120,BestCase,U,0.2708454589592293,"{1: False, 2: False, 3: True, 4: True, 5: False, 6: True, 7: False, 8: False, 9: True, 10: True, 11: True, 12: False, 13: True, 14: True, 15: True, 16: False, 17: True, 18: False, 19: True, 20: False, 21: True, 22: True, 23: True, 24: True}"
161,4,40,BestCase,S,5.916692316532135e-05,"{1: True, 2: True, 3: True, 4: False}"
162,4,40,BestCase,U,0.0001908330013975501,"{1: True, 2: False, 3: True, 4: True}"
163,4,40,BestCase,U,0.00012091698590666056,"{1: False, 2: False, 3: False, 4: True}"
164,4,40,BestCase,S,0.0001271250657737255,"{1: False, 2: True, 3: False, 4: True}"
165,4,40,BestCase,S,4.9208058044314384e-05,"{1: True, 2: True, 3: False, 4: True}"
166,4,40,BestCase,S,0.00016954203601926565,"{1: True, 2: True, 3: True, 4: True}"
167,4,40,BestCase,S,0.00019341707229614258,"{1: False, 2: False, 3: True, 4: False}"
168,4,40,BestCase,S,5.608308129012585e-05,"{1: True, 2: True, 3: False, 4: False}"
169,4,40,BestCase,S,4.1500083170831203e-05,"{1: True, 2: True, 3: True, 4: True}"
170,4,40,BestCase,S,0.00016479194164276123,"{1: False, 2: True, 3: False, 4: False}"
171,8,80,BestCase,S,0.0008817090420052409,"{1: True, 2: False, 3: True, 4: False, 5: True, 6: True, 7: False, 8: False}"
172,8,80,BestCase,S,0.0006290839519351721,"{1: True, 2: True, 3: False, 4: False, 5: True, 6: True, 7: True, 8: True}"
173,8,80,BestCase,S,0.0011520830448716879,"{1: False, 2: True, 3: True, 4: False, 5: False, 6: True, 7: False, 8: False}"
174,8,80,BestCase,S,0.0007551669841632247,"{1: True, 2: False, 3: True, 4: True, 5: False, 6: True, 7: False, 8: False}"
175,8,80,BestCase,S,0.0008178330026566982,"{1: True, 2: True, 3: False, 4: False, 5: False, 6: False, 7: False, 8: False}"
176,8,80,BestCase,U,0.0015817920211702585,"{1: True, 2: True, 3: False, 4: True, 5: True, 6: True, 7: False, 8: True}"
177,8,80,BestCase,U,0.001644417061470449,"{1: True, 2: True, 3: True, 4: False, 5: True, 6: True, 7: False, 8: True}"
178,8,80,BestCase,S,0.00016237504314631224,"{1: True, 2: True, 3: True, 4: True, 5: True, 6: False, 7: True, 8: True}"
179,8,80,BestCase,U,0.0015977920265868306,"{1: True, 2: True, 3: False, 4: True, 5: False, 6: False, 7: False, 8: False}"
180,8,80,BestCase,U,0.001124250004068017,"{1: True, 2: False, 3: True, 4: True, 5: True, 6: False, 7: False, 8: False}"
181,12,120,BestCase,S,0.0017722089542075992,"{1: True, 2: True, 3: False, 4: True, 5: True, 6: True, 7: False, 8: False, 9: False, 10: True, 11: False, 12: True}"
182,12,120,BestCase,S,0.0056577910436317325,"{1: False, 2: True, 3: True, 4: True, 5: False, 6: False, 7: False, 8: False, 9: True, 10: True, 11: True, 12: True}"
183,12,120,BestCase,S,0.0014405000256374478,"{1: True, 2: True, 3: True, 4: False, 5: False, 6: True, 7: True, 8: False, 9: False, 10: False, 11: False, 12: True}"
184,12,120,BestCase,U,0.014752082992345095,"{1: True, 2: True, 3: False, 4: True, 5: True, 6: False, 7: False, 8: True, 9: True, 10: False, 11: True, 12: False}"
185,12,120,BestCase,S,0.002376750111579895,"{1: True, 2: True, 3: True, 4: False, 5: False, 6: False, 7: True, 8: True, 9: False, 10: True, 11: False, 12: True}"
186,12,120,BestCase,S,0.0024443750735372305,"{1: True, 2: True, 3: False, 4: True, 5: True, 6: True, 7: True, 8: True, 9: True, 10: True, 11: True, 12: False}"
187,12,120,BestCase,U,0.010189917054958642,"{1: True, 2: False, 3: False, 4: False, 5: True, 6: True, 7: False, 8: True, 9: False, 10: True, 11: False, 12: False}"
188,12,120,BestCase,U,0.008727458072826266,"{1: False, 2: True, 3: False, 4: True, 5: False, 6: True, 7: True, 8: False, 9: True, 10: False, 11: True, 12: False}"
189,12,120,BestCase,U,0.013951290980912745,"{1: True, 2: True, 3: False, 4: False, 5: False, 6: True, 7: False, 8: False, 9: True, 10: True, 11: True, 12: False}"
190,12,120,BestCase,U,0.02069274999666959,"{1: True, 2: True, 3: False, 4: False, 5: True, 6: False, 7: True, 8: False, 9: True, 10: True, 11: True, 12: True}"
191,16,160,BestCase,S,0.037839333061128855,"{1: True, 2: False, 3: True, 4: True, 5: True, 6: False, 7: True, 8: True, 9: True, 10: True, 11: False, 12: False, 13: True, 14: True, 15: True, 16: False}"
192,16,160,BestCase,U,0.0742218749364838,"{1: True, 2: True, 3: True, 4: True, 5: False, 6: False, 7: True, 8: True, 9: True, 10: False, 11: True, 12: True, 13: False, 14: False, 15: True, 16: True}"
193,16,160,BestCase,U,0.06346591608598828,"{1: True, 2: True, 3: False, 4: False, 5: True, 6: False, 7: True, 8: False, 9: True, 10: True, 11: True, 12: True, 13: True, 14: False, 15: False, 16: False}"
194,16,160,BestCase,S,0.017502167029306293,"{1: True, 2: False, 3: False, 4: True, 5: True, 6: True, 7: False, 8: False, 9: True, 10: True, 11: False, 12: True, 13: True, 14: False, 15: True, 16: False}"
195,16,160,BestCase,S,0.0005739579210057855,"{1: True, 2: True, 3: True, 4: True, 5: True, 6: True, 7: True, 8: True, 9: True, 10: True, 11: False, 12: True, 13: False, 14: False, 15: True, 16: False}"
196,16,160,BestCase,U,0.055262917070649564,"{1: True, 2: True, 3: False, 4: True, 5: True, 6: True, 7: True, 8: False, 9: True, 10: True, 11: False, 12: False, 13: True, 14: False, 15: False, 16: False}"
197,16,160,BestCase,U,0.06559804198332131,"{1: True, 2: True, 3: True, 4: False, 5: True, 6: True, 7: False, 8: True, 9: False, 10: False, 11: True, 12: True, 13: True, 14: False, 15: False, 16: False}"
198,16,160,BestCase,U,0.04181179194711149,"{1: True, 2: True, 3: False, 4: True, 5: True, 6: True, 7: True, 8: False, 9: True, 10: True, 11: False, 12: False, 13: True, 14: False, 15: False, 16: False}"
199,16,160,BestCase,S,0.011182207963429391,"{1: True, 2: False, 3: True, 4: True, 5: False, 6: True, 7: False, 8: False, 9: True, 10: True, 11: True, 12: True, 13: True, 14: True, 15: False, 16: True}"
200,16,160,BestCase,S,0.08639133395627141,"{1: False, 2: False, 3: True, 4: True, 5: True, 6: False, 7: False, 8: True, 9: False, 10: False, 11: False, 12: False, 13: True, 14: False, 15: False, 16: False}"
201,18,180,BestCase,S,0.028462750022299588,"{1: True, 2: True, 3: True, 4: True, 5: True, 6: False, 7: False, 8: False, 9: True, 10: True, 11: False, 12: True, 13: True, 14: True, 15: True, 16: True, 17: False, 18: False}"
202,18,180,BestCase,U,0.1791080409893766,"{1: True, 2: True, 3: True, 4: True, 5: True, 6: True, 7: True, 8: False, 9: True, 10: False, 11: True, 12: True, 13: False, 14: True, 15: False, 16: True, 17: False, 18: False}"
203,18,180,BestCase,S,0.1621172089362517,"{1: False, 2: True, 3: False, 4: False, 5: True, 6: True, 7: False, 8: True, 9: False, 10: False, 11: True, 12: False, 13: False, 14: True, 15: False, 16: False, 17: True, 18: False}"
204,18,180,BestCase,U,0.3561475001042709,"{1: True, 2: True, 3: False, 4: True, 5: True, 6: True, 7: False, 8: False, 9: False, 10: False, 11: False, 12: False, 13: False, 14: False, 15: False, 16: False, 17: False, 18: False}"
205,18,180,BestCase,U,0.1520414169644937,"{1: False, 2: True, 3: True, 4: False, 5: True, 6: True, 7: False, 8: True, 9: True, 10: False, 11: True, 12: True, 13: False, 14: False, 15: False, 16: False, 17: False, 18: False}"
206,18,180,BestCase,S,0.03791179205290973,"{1: True, 2: False, 3: True, 4: False, 5: False, 6: False, 7: True, 8: False, 9: True, 10: True, 11: True, 12: False, 13: False, 14: False, 15: True, 16: False, 17: True, 18: False}"
207,18,180,BestCase,U,0.1678823329275474,"{1: False, 2: False, 3: False, 4: False, 5: False, 6: False, 7: False, 8: True, 9: True, 10: False, 11: False, 12: True, 13: True, 14: False, 15: False, 16: True, 17: True, 18: False}"
208,18,180,BestCase,S,0.01876466698013246,"{1: True, 2: True, 3: False, 4: False, 5: True, 6: True, 7: False, 8: False, 9: True, 10: True, 11: False, 12: False, 13: True, 14: False, 15: True, 16: True, 17: False, 18: False}"
209,18,180,BestCase,U,0.11045029200613499,"{1: True, 2: False, 3: True, 4: True, 5: False, 6: False, 7: True, 8: False, 9: True, 10: False, 11: False, 12: False, 13: False, 14: False, 15: False, 16: True, 17: False, 18: True}"
210,18,180,BestCase,U,0.1803767499513924,"{1: True, 2: True, 3: False, 4: True, 5: True, 6: False, 7: False, 8: True, 9: False, 10: True, 11: False, 12: True, 13: True, 14: False, 15: False, 16: True, 17: True, 18: True}"
211,20,200,BestCase,S,0.26593745907302946,"{1: False, 2: True, 3: True, 4: True, 5: False, 6: True, 7: False, 8: False, 9: False, 10: True, 11: True, 12: True, 13: True, 14: False, 15: True, 16: False, 17: True, 18: True, 19: True, 20: False}"
212,20,200,BestCase,U,0.5056626669829711,"{1: True, 2: True, 3: True, 4: False, 5: False, 6: False, 7: False, 8: True, 9: False, 10: True, 11: True, 12: False, 13: True, 14: True, 15: True, 16: True, 17: True, 18: False, 19: True, 20: True}"
213,20,200,BestCase,S,0.02527149999514222,"{1: True, 2: True, 3: True, 4: True, 5: True, 6: True, 7: False, 8: False, 9: False, 10: False, 11: True, 12: False, 13: False, 14: True, 15: False, 16: True, 17: True, 18: True, 19: True, 20: True}"
214,20,200,BestCase,S,0.3614761249627918,"{1: False, 2: False, 3: False, 4: False, 5: False, 6: False, 7: True, 8: True, 9: False, 10: False, 11: True, 12: False, 13: True, 14: False, 15: True, 16: True, 17: False, 18: True, 19: True, 20: False}"
215,20,200,BestCase,U,0.28442666691262275,"{1: False, 2: False, 3: False, 4: True, 5: True, 6: False, 7: True, 8: False, 9: False, 10: True, 11: True, 12: False, 13: True, 14: False, 15: False, 16: True, 17: False, 18: False, 19: True, 20: False}"
216,20,200,BestCase,U,0.27618970803450793,"{1: True, 2: False, 3: False, 4: False, 5: True, 6: True, 7: True, 8: True, 9: True, 10: True, 11: True, 12: True, 13: True, 14: True, 15: False, 16: False, 17: False, 18: True, 19: True, 20: False}"
217,20,200,BestCase,S,0.32810345804318786,"{1: False, 2: False, 3: False, 4: False, 5: False, 6: True, 7: False, 8: False, 9: True, 10: True, 11: True, 12: False, 13: True, 14: False, 15: False, 16: True, 17: False, 18: True, 19: False, 20: False}"
218,20,200,BestCase,U,0.3565296250162646,"{1: True, 2: True, 3: True, 4: False, 5: True, 6: True, 7: False, 8: False, 9: False, 10: True, 11: True, 12: True, 13: False, 14: True, 15: False, 16: False, 17: True, 18: False, 19: False, 20: True}"
219,20,200,BestCase,S,0.4039240840356797,"{1: False, 2: False, 3: True, 4: False, 5: True, 6: True, 7: False, 8: True, 9: True, 10: False, 11: True, 12: True, 13: True, 14: False, 15: True, 16: False, 17: True, 18: False, 19: True, 20: True}"
220,20,200,BestCase,U,0.4753762079635635,"{1: True, 2: False, 3: True, 4: True, 5: True, 6: True, 7: False, 8: True, 9: True, 10: True, 11: True, 12: False, 13: False, 14: True, 15: True, 16: False, 17: False, 18: True, 19: True, 20: False}"
221,22,220,BestCase,U,0.4215357080101967,"{1: True, 2: True, 3: False, 4: False, 5: False, 6: True, 7: False, 8: False, 9: False, 10: False, 11: False, 12: False, 13: False, 14: False, 15: False, 16: True, 17: True, 18: True, 19: True, 20: True, 21: False, 22: True}"
222,22,220,BestCase,U,0.9947802920360118,"{1: True, 2: True, 3: True, 4: False, 5: False, 6: False, 7: False, 8: True, 9: False, 10: True, 11: False, 12: True, 13: True, 14: False, 15: True, 16: False, 17: False, 18: True, 19: True, 20: True, 21: False, 22: False}"
223,22,220,BestCase,S,1.0319500410696492,"{1: False, 2: True, 3: False, 4: False, 5: False, 6: False, 7: True, 8: True, 9: True, 10: True, 11: False, 12: True, 13: False, 14: False, 15: True, 16: False, 17: False, 18: True, 19: True, 20: True, 21: True, 22: False}"
224,22,220,BestCase,U,0.6991631250130013,"{1: False, 2: True, 3: False, 4: True, 5: True, 6: False, 7: False, 8: True, 9: True, 10: False, 11: False, 12: False, 13: True, 14: False, 15: False, 16: True, 17: True, 18: True, 19: False, 20: True, 21: False, 22: False}"
225,22,220,BestCase,S,0.18057670898269862,"{1: True, 2: True, 3: True, 4: False, 5: False, 6: False, 7: False, 8: True, 9: False, 10: False, 11: True, 12: True, 13: True, 14: True, 15: True, 16: True, 17: False, 18: True, 19: True, 20: True, 21: True, 22: True}"
226,22,220,BestCase,U,0.9933549590641633,"{1: False, 2: True, 3: True, 4: False, 5: False, 6: True, 7: False, 8: False, 9: True, 10: True, 11: True, 12: False, 13: True, 14: True, 15: True, 16: True, 17: True, 18: False, 19: False, 20: True, 21: False, 22: True}"
227,22,220,BestCase,S,0.10990783292800188,"{1: True, 2: True, 3: False, 4: False, 5: True, 6: True, 7: False, 8: True, 9: False, 10: True, 11: False, 12: False, 13: True, 14: True, 15: True, 16: True, 17: True, 18: False, 19: True, 20: False, 21: True, 22: False}"
228,22,220,BestCase,U,0.7485070829279721,"{1: False, 2: False, 3: False, 4: True, 5: True, 6: False, 7: True, 8: True, 9: False, 10: True, 11: False, 12: True, 13: True, 14: True, 15: True, 16: False, 17: False, 18: True, 19: True, 20: True, 21: False, 22: True}"
229,22,220,BestCase,S,0.45262174995150417,"{1: True, 2: False, 3: False, 4: True, 5: False, 6: False, 7: False, 8: False, 9: False, 10: True, 11: False, 12: False, 13: False, 14: True, 15: False, 16: True, 17: True, 18: False, 19: False, 20: False, 21: True, 22: True}"
230,22,220,BestCase,U,1.3561929169809446,"{1: False, 2: False, 3: True, 4: False, 5: True, 6: False, 7: False, 8: True, 9: True, 10: True, 11: False, 12: False, 13: False, 14: True, 15: True, 16: True, 17: False, 18: False, 19: False, 20: True, 21: True, 22: False}"
231,24,240,BestCase,U,2.3874435829930007,"{1: False, 2: True, 3: True, 4: False, 5: True, 6: True, 7: True, 8: True, 9: True, 10: False, 11: False, 12: True, 13: False, 14: False, 15: False, 16: True, 17: True, 18: False, 19: False, 20: False, 21: False, 22: True, 23: False, 24: True}"
232,24,240,BestCase,S,0.1619024999672547,"{1: True, 2: True, 3: True, 4: False, 5: True, 6: False, 7: False, 8: True, 9: False, 10: True, 11: True, 12: True, 13: True, 14: False, 15: False, 16: False, 17: True, 18: True, 19: False, 20: True, 21: True, 22: True, 23: True, 24: False}"
233,24,240,BestCase,U,3.358844375004992,"{1: True, 2: False, 3: False, 4: True, 5: False, 6: True, 7: True, 8: False, 9: True, 10: False, 11: False, 12: True, 13: True, 14: True, 15: True, 16: True, 17: False, 18: True, 19: True, 20: False, 21: False, 22: True, 23: False, 24: False}"
234,24,240,BestCase,S,0.7293258330319077,"{1: True, 2: True, 3: False, 4: True, 5: False, 6: False, 7: True, 8: True, 9: True, 10: True, 11: False, 12: True, 13: True, 14: False, 15: False, 16: False, 17: True, 18: False, 19: False, 20: False, 21: True, 22: False, 23: True, 24: False}"
235,24,240,BestCase,S,0.7243013340048492,"{1: True, 2: False, 3: False, 4: True, 5: False, 6: True, 7: False, 8: True, 9: False, 10: True, 11: True, 12: True, 13: False, 14: False, 15: True, 16: False, 17: True, 18: True, 19: False, 20: True, 21: False, 22: False, 23: False, 24: True}"
236,24,240,BestCase,U,1.0935862909536809,"{1: True, 2: True, 3: False, 4: True, 5: True, 6: True, 7: True, 8: False, 9: False, 10: True, 11: True, 12: False, 13: False, 14: True, 15: True, 16: False, 17: False, 18: True, 19: False, 20: True, 21: True, 22: True, 23: False, 24: False}"
237,24,240,BestCase,S,0.02573545800987631,"{1: True, 2: True, 3: True, 4: True, 5: False, 6: True, 7: False, 8: True, 9: False, 10: True, 11: True, 12: True, 13: True, 14: False, 15: False, 16: True, 17: True, 18: False, 19: False, 20: False, 21: True, 22: False, 23: True, 24: False}"
238,24,240,BestCase,S,0.05721741705201566,"{1: True, 2: True, 3: True, 4: True, 5: True, 6: False, 7: False, 8: True, 9: True, 10: True, 11: True, 12: False, 13: True, 14: False, 15: True, 16: True, 17: False, 18: True, 19: True, 20: True, 21: False, 22: True, 23: True, 24: False}"
239,24,240,BestCase,U,1.839875707984902,"{1: True, 2: False, 3: True, 4: False, 5: False, 6: False, 7: False, 8: True, 9: True, 10: False, 11: True, 12: True, 13: True, 14: True, 15: False, 16: True, 17: True, 18: True, 19: True, 20: True, 21: True, 22: True, 23: True, 24: False}"
240,24,240,BestCase,S,0.33286275004502386,"{1: True, 2: False, 3: False, 4: True, 5: True, 6: True, 7: False, 8: False, 9: False, 10: False, 11: False, 12: True, 13: True, 14: False, 15: True, 16: True, 17: True, 18: True, 19: True, 20: False, 21: True, 22: True, 23: True, 24: True}"
241,4,40,BestCase,S,7.695809472352266e-05,"{1: True, 2: True, 3: False, 4: True}"
242,4,40,BestCase,S,8.716701995581388e-05,"{1: True, 2: False, 3: False, 4: True}"
243,4,40,BestCase,S,5.079200491309166e-05,"{1: True, 2: True, 3: True, 4: False}"
244,4,40,BestCase,S,0.0001740839798003435,"{1: False, 2: True, 3: False, 4: False}"
245,4,40,BestCase,S,4.491605795919895e-05,"{1: True, 2: True, 3: True, 4: True}"
246,4,40,BestCase,S,9.145902004092932e-05,"{1: False, 2: True, 3: True, 4: True}"
247,4,40,BestCase,S,0.0001917920308187604,"{1: False, 2: False, 3: True, 4: True}"
248,4,40,BestCase,S,4.370801616460085e-05,"{1: True, 2: True, 3: True, 4: True}"
249,4,40,BestCase,S,5.3709023632109165e-05,"{1: True, 2: True, 3: True, 4: False}"
250,4,40,BestCase,S,0.00012687500566244125,"{1: True, 2: False, 3: False, 4: True}"
251,8,80,BestCase,S,0.00016908301040530205,"{1: True, 2: True, 3: True, 4: False, 5: True, 6: True, 7: True, 8: False}"
252,8,80,BestCase,S,0.00013645796570926905,"{1: True, 2: True, 3: True, 4: True, 5: True, 6: True, 7: True, 8: False}"
253,8,80,BestCase,S,0.0005755830788984895,"{1: True, 2: True, 3: True, 4: False, 5: False, 6: False, 7: True, 8: False}"
254,8,80,BestCase,S,0.00016416702419519424,"{1: True, 2: True, 3: True, 4: True, 5: True, 6: True, 7: True, 8: True}"
255,8,80,BestCase,S,0.0005085840821266174,"{1: True, 2: True, 3: False, 4: True, 5: True, 6: True, 7: False, 8: False}"
256,8,80,BestCase,S,0.0003802080173045397,"{1: True, 2: True, 3: False, 4: True, 5: True, 6: False, 7: True, 8: False}"
257,8,80,BestCase,S,0.0004588749725371599,"{1: True, 2: True, 3: True, 4: True, 5: False, 6: False, 7: True, 8: False}"
258,8,80,BestCase,S,0.00017716700676828623,"{1: True, 2: True, 3: True, 4: True, 5: False, 6: True, 7: True, 8: True}"
259,8,80,BestCase,S,0.00038899993523955345,"{1: True, 2: True, 3: True, 4: False, 5: True, 6: False, 7: False, 8: True}"
260,8,80,BestCase,S,0.0008478329982608557,"{1: True, 2: True, 3: False, 4: False, 5: True, 6: True, 7: False, 8: True}"
261,12,120,BestCase,S,0.0005271660629659891,"{1: True, 2: True, 3: True, 4: True, 5: True, 6: True, 7: True, 8: False, 9: True, 10: False, 11: False, 12: True}"
262,12,120,BestCase,S,0.0021787500008940697,"{1: True, 2: True, 3: True, 4: True, 5: False, 6: True, 7: False, 8: True, 9: True, 10: False, 11: False, 12: False}"
263,12,120,BestCase,S,0.0042906670132651925,"{1: True, 2: True, 3: True, 4: False, 5: False, 6: True, 7: True, 8: True, 9: False, 10: False, 11: True, 12: False}"
264,12,120,BestCase,S,0.0003524170024320483,"{1: True, 2: True, 3: True, 4: True, 5: True, 6: False, 7: True, 8: True, 9: True, 10: True, 11: True, 12: False}"
265,12,120,BestCase,S,0.0023763339268043637,"{1: True, 2: True, 3: True, 4: False, 5: True, 6: True, 7: False, 8: False, 9: False, 10: False, 11: True, 12: False}"
266,12,120,BestCase,S,0.0015318329678848386,"{1: True, 2: True, 3: True, 4: True, 5: True, 6: False, 7: False, 8: False, 9: True, 10: True, 11: True, 12: False}"
267,12,120,BestCase,S,0.0006897919811308384,"{1: True, 2: True, 3: True, 4: True, 5: True, 6: False, 7: True, 8: True, 9: False, 10: True, 11: False, 12: False}"
268,12,120,BestCase,S,0.001036750036291778,"{1: True, 2: True, 3: True, 4: True, 5: False, 6: True, 7: True, 8: True, 9: False, 10: False, 11: True, 12: True}"
269,12,120,BestCase,S,0.001056667068041861,"{1: True, 2: True, 3: True, 4: True, 5: False, 6: True, 7: False, 8: True, 9: True, 10: False, 11: True, 12: True}"
270,12,120,BestCase,S,0.002683499944396317,"{1: True, 2: True, 3: True, 4: True, 5: False, 6: False, 7: False, 8: True, 9: False, 10: True, 11: True, 12: True}"
271,16,160,BestCase,S,0.0013027499662712216,"{1: True, 2: True, 3: True, 4: True, 5: True, 6: True, 7: True, 8: True, 9: True, 10: False, 11: False, 12: True, 13: True, 14: True, 15: False, 16: True}"
272,16,160,BestCase,S,0.0005537079414352775,"{1: True, 2: True, 3: True, 4: True, 5: True, 6: True, 7: True, 8: True, 9: True, 10: True, 11: True, 12: False, 13: True, 14: True, 15: True, 16: False}"
273,16,160,BestCase,S,0.0013654580106958747,"{1: True, 2: True, 3: True, 4: True, 5: True, 6: True, 7: True, 8: True, 9: False, 10: False, 11: True, 12: True, 13: False, 14: True, 15: False, 16: True}"
274,16,160,BestCase,S,0.0006553749553859234,"{1: True, 2: True, 3: True, 4: True, 5: True, 6: True, 7: False, 8: True, 9: True, 10: True, 11: False, 12: True, 13: False, 14: True, 15: True, 16: False}"
275,16,160,BestCase,S,0.0018917080014944077,"{1: True, 2: True, 3: True, 4: True, 5: True, 6: True, 7: False, 8: False, 9: False, 10: True, 11: False, 12: False, 13: True, 14: True, 15: False, 16: True}"
276,16,160,BestCase,S,0.0026722089387476444,"{1: True, 2: True, 3: True, 4: True, 5: True, 6: True, 7: False, 8: True, 9: False, 10: True, 11: False, 12: True, 13: False, 14: True, 15: True, 16: True}"
277,16,160,BestCase,S,0.012919917004182935,"{1: True, 2: True, 3: True, 4: True, 5: False, 6: False, 7: True, 8: False, 9: False, 10: False, 11: True, 12: True, 13: False, 14: True, 15: False, 16: False}"
278,16,160,BestCase,S,0.0011304160580039024,"{1: True, 2: True, 3: True, 4: True, 5: True, 6: True, 7: True, 8: True, 9: True, 10: True, 11: True, 12: False, 13: False, 14: True, 15: True, 16: True}"
279,16,160,BestCase,S,0.0037286669248715043,"{1: True, 2: True, 3: True, 4: True, 5: True, 6: True, 7: True, 8: False, 9: True, 10: True, 11: False, 12: True, 13: True, 14: True, 15: True, 16: False}"
280,16,160,BestCase,S,0.0023682499304413795,"{1: True, 2: True, 3: True, 4: True, 5: True, 6: True, 7: True, 8: False, 9: True, 10: True, 11: False, 12: True, 13: False, 14: False, 15: True, 16: False}"
281,18,180,BestCase,S,0.0012098749866709113,"{1: True, 2: True, 3: True, 4: True, 5: True, 6: True, 7: True, 8: True, 9: False, 10: True, 11: True, 12: True, 13: True, 14: False, 15: False, 16: True, 17: True, 18: True}"
282,18,180,BestCase,S,0.0008065419970080256,"{1: True, 2: True, 3: True, 4: True, 5: True, 6: True, 7: True, 8: True, 9: True, 10: False, 11: True, 12: True, 13: False, 14: False, 15: True, 16: True, 17: False, 18: True}"
283,18,180,BestCase,S,0.0009422500152140856,"{1: True, 2: True, 3: True, 4: True, 5: True, 6: True, 7: True, 8: True, 9: True, 10: False, 11: True, 12: True, 13: True, 14: False, 15: True, 16: False, 17: False, 18: True}"
284,18,180,BestCase,S,0.03517354198265821,"{1: True, 2: True, 3: True, 4: True, 5: True, 6: False, 7: False, 8: True, 9: True, 10: True, 11: True, 12: False, 13: True, 14: True, 15: False, 16: True, 17: True, 18: True}"
285,18,180,BestCase,S,0.0026391249848529696,"{1: True, 2: True, 3: True, 4: True, 5: True, 6: True, 7: True, 8: True, 9: False, 10: True, 11: True, 12: True, 13: True, 14: False, 15: True, 16: False, 17: True, 18: True}"
286,18,180,BestCase,S,0.01529362506698817,"{1: True, 2: True, 3: True, 4: True, 5: True, 6: True, 7: False, 8: False, 9: True, 10: False, 11: False, 12: False, 13: False, 14: False, 15: False, 16: True, 17: True, 18: True}"
287,18,180,BestCase,S,0.0016678750980645418,"{1: True, 2: True, 3: True, 4: True, 5: True, 6: True, 7: True, 8: True, 9: False, 10: False, 11: True, 12: False, 13: False, 14: True, 15: True, 16: True, 17: True, 18: True}"
288,18,180,BestCase,S,0.0014201670419424772,"{1: True, 2: True, 3: True, 4: True, 5: True, 6: True, 7: True, 8: True, 9: True, 10: True, 11: True, 12: True, 13: False, 14: False, 15: False, 16: False, 17: True, 18: False}"
289,18,180,BestCase,S,0.01042895799037069,"{1: True, 2: True, 3: True, 4: True, 5: True, 6: True, 7: True, 8: False, 9: False, 10: False, 11: True, 12: True, 13: False, 14: False, 15: False, 16: True, 17: False, 18: True}"
290,18,180,BestCase,S,0.0018434170633554459,"{1: True, 2: True, 3: True, 4: True, 5: True, 6: True, 7: False, 8: True, 9: True, 10: True, 11: True, 12: False, 13: False, 14: False, 15: False, 16: True, 17: True, 18: False}"
291,20,200,BestCase,S,0.0026195829268544912,"{1: True, 2: True, 3: True, 4: True, 5: True, 6: True, 7: True, 8: True, 9: True, 10: True, 11: True, 12: False, 13: True, 14: False, 15: True, 16: True, 17: False, 18: True, 19: True, 20: False}"
292,20,200,BestCase,S,0.0022346669575199485,"{1: True, 2: True, 3: True, 4: True, 5: True, 6: True, 7: False, 8: True, 9: True, 10: False, 11: True, 12: True, 13: True, 14: False, 15: True, 16: True, 17: True, 18: True, 19: True, 20: True}"
293,20,200,BestCase,S,0.013952999957837164,"{1: True, 2: True, 3: True, 4: True, 5: True, 6: True, 7: True, 8: False, 9: True, 10: False, 11: False, 12: False, 13: True, 14: False, 15: True, 16: False, 17: True, 18: False, 19: True, 20: False}"
294,20,200,BestCase,S,0.0066977080423384905,"{1: True, 2: True, 3: True, 4: True, 5: True, 6: True, 7: True, 8: True, 9: False, 10: True, 11: True, 12: False, 13: True, 14: True, 15: False, 16: True, 17: True, 18: False, 19: True, 20: False}"
295,20,200,BestCase,S,0.0061456249095499516,"{1: True, 2: True, 3: True, 4: True, 5: True, 6: True, 7: True, 8: True, 9: False, 10: True, 11: True, 12: False, 13: False, 14: True, 15: False, 16: False, 17: False, 18: True, 19: True, 20: False}"
296,20,200,BestCase,S,0.027783208061009645,"{1: True, 2: True, 3: True, 4: True, 5: True, 6: True, 7: False, 8: True, 9: True, 10: False, 11: True, 12: False, 13: False, 14: True, 15: True, 16: True, 17: False, 18: True, 19: True, 20: False}"
297,20,200,BestCase,S,0.007009624969214201,"{1: True, 2: True, 3: True, 4: True, 5: True, 6: True, 7: True, 8: True, 9: False, 10: True, 11: True, 12: True, 13: True, 14: True, 15: True, 16: True, 17: True, 18: False, 19: False, 20: False}"
298,20,200,BestCase,S,0.0017239160370081663,"{1: True, 2: True, 3: True, 4: True, 5: True, 6: True, 7: True, 8: True, 9: True, 10: False, 11: True, 12: False, 13: False, 14: True, 15: True, 16: False, 17: True, 18: True, 19: True, 20: True}"
299,20,200,BestCase,S,0.006457541021518409,"{1: True, 2: True, 3: True, 4: True, 5: True, 6: True, 7: True, 8: True, 9: True, 10: True, 11: False, 12: False, 13: True, 14: False, 15: True, 16: True, 17: True, 18: True, 19: True, 20: True}"
300,20,200,BestCase,S,0.0043449579970911145,"{1: True, 2: True, 3: True, 4: True, 5: True, 6: True, 7: True, 8: False, 9: True, 10: True, 11: False, 12: True, 13: False, 14: False, 15: True, 16: False, 17: False, 18: True, 19: False, 20: False}"
301,22,220,BestCase,S,0.15144516702275723,"{1: True, 2: True, 3: True, 4: True, 5: False, 6: True, 7: True, 8: True, 9: True, 10: False, 11: True, 12: False, 13: False, 14: True, 15: False, 16: False, 17: True, 18: False, 19: True, 20: True, 21: False, 22: False}"
302,22,220,BestCase,S,0.004406083025969565,"{1: True, 2: True, 3: True, 4: True, 5: True, 6: True, 7: True, 8: True, 9: True, 10: True, 11: True, 12: False, 13: False, 14: True, 15: False, 16: True, 17: True, 18: True, 19: True, 20: True, 21: True, 22: False}"
303,22,220,BestCase,S,0.0038395000156015158,"{1: True, 2: True, 3: True, 4: True, 5: True, 6: True, 7: True, 8: True, 9: True, 10: True, 11: True, 12: True, 13: False, 14: False, 15: True, 16: False, 17: True, 18: True, 19: True, 20: False, 21: False, 22: False}"
304,22,220,BestCase,S,0.03591920901089907,"{1: True, 2: True, 3: True, 4: True, 5: True, 6: True, 7: True, 8: True, 9: False, 10: False, 11: False, 12: True, 13: True, 14: True, 15: True, 16: False, 17: True, 18: True, 19: False, 20: False, 21: True, 22: False}"
305,22,220,BestCase,S,0.026239125058054924,"{1: True, 2: True, 3: True, 4: True, 5: True, 6: True, 7: True, 8: True, 9: False, 10: True, 11: False, 12: False, 13: True, 14: False, 15: True, 16: False, 17: False, 18: False, 19: False, 20: True, 21: False, 22: True}"
306,22,220,BestCase,S,0.0009842910803854465,"{1: True, 2: True, 3: True, 4: True, 5: True, 6: True, 7: True, 8: True, 9: True, 10: True, 11: True, 12: True, 13: True, 14: True, 15: True, 16: False, 17: True, 18: True, 19: False, 20: True, 21: True, 22: True}"
307,22,220,BestCase,S,0.0010819160379469395,"{1: True, 2: True, 3: True, 4: True, 5: True, 6: True, 7: True, 8: True, 9: True, 10: True, 11: True, 12: True, 13: True, 14: True, 15: True, 16: False, 17: False, 18: True, 19: True, 20: False, 21: False, 22: True}"
308,22,220,BestCase,S,0.018790791044011712,"{1: True, 2: True, 3: True, 4: True, 5: True, 6: True, 7: True, 8: True, 9: False, 10: True, 11: True, 12: True, 13: False, 14: True, 15: False, 16: False, 17: True, 18: True, 19: False, 20: False, 21: True, 22: True}"
309,22,220,BestCase,S,0.07323808397632092,"{1: True, 2: True, 3: True, 4: True, 5: False, 6: True, 7: True, 8: True, 9: True, 10: False, 11: False, 12: True, 13: False, 14: True, 15: True, 16: False, 17: True, 18: False, 19: True, 20: True, 21: False, 22: False}"
310,22,220,BestCase,S,0.041771915974095464,"{1: True, 2: True, 3: True, 4: True, 5: True, 6: True, 7: False, 8: True, 9: True, 10: False, 11: False, 12: True, 13: False, 14: True, 15: True, 16: True, 17: True, 18: True, 19: False, 20: True, 21: True, 22: True}"
311,24,240,BestCase,S,0.25675166700966656,"{1: True, 2: True, 3: True, 4: True, 5: True, 6: True, 7: False, 8: True, 9: True, 10: True, 11: True, 12: True, 13: False, 14: True, 15: False, 16: False, 17: False, 18: True, 19: False, 20: False, 21: True, 22: True, 23: False, 24: False}"
312,24,240,BestCase,S,0.057278333930298686,"{1: True, 2: True, 3: True, 4: True, 5: True, 6: True, 7: True, 8: True, 9: True, 10: False, 11: False, 12: True, 13: True, 14: True, 15: True, 16: False, 17: True, 18: False, 19: True, 20: False, 21: False, 22: False, 23: False, 24: False}"
313,24,240,BestCase,S,0.018492499948479235,"{1: True, 2: True, 3: True, 4: True, 5: True, 6: True, 7: True, 8: True, 9: True, 10: True, 11: False, 12: True, 13: True, 14: True, 15: True, 16: True, 17: True, 18: True, 19: True, 20: False, 21: True, 22: True, 23: True, 24: False}"
314,24,240,BestCase,S,0.012277624919079244,"{1: True, 2: True, 3: True, 4: True, 5: True, 6: True, 7: True, 8: True, 9: True, 10: True, 11: False, 12: True, 13: True, 14: False, 15: True, 16: True, 17: False, 18: True, 19: False, 20: True, 21: True, 22: False, 23: True, 24: False}"
315,24,240,BestCase,S,0.010847666068002582,"{1: True, 2: True, 3: True, 4: True, 5: True, 6: True, 7: True, 8: True, 9: True, 10: True, 11: True, 12: False, 13: True, 14: False, 15: True, 16: True, 17: False, 18: True, 19: False, 20: False, 21: True, 22: True, 23: True, 24: True}"
316,24,240,BestCase,S,0.03159879194572568,"{1: True, 2: True, 3: True, 4: True, 5: True, 6: True, 7: True, 8: True, 9: True, 10: True, 11: False, 12: False, 13: True, 14: True, 15: True, 16: True, 17: True, 18: True, 19: False, 20: True, 21: True, 22: False, 23: True, 24: True}"
317,24,240,BestCase,S,0.13193675002548844,"{1: True, 2: True, 3: True, 4: True, 5: True, 6: True, 7: True, 8: True, 9: False, 10: True, 11: True, 12: True, 13: True, 14: False, 15: False, 16: False, 17: False, 18: False, 19: True, 20: True, 21: True, 22: False, 23: True, 24: False}"
318,24,240,BestCase,S,0.005540042067877948,"{1: True, 2: True, 3: True, 4: True, 5: True, 6: True, 7: True, 8: True, 9: True, 10: True, 11: True, 12: True, 13: False, 14: False, 15: True, 16: True, 17: True, 18: False, 19: False, 20: False, 21: True, 22: True, 23: True, 24: False}"
319,24,240,BestCase,S,0.001557833980768919,"{1: True, 2: True, 3: True, 4: True, 5: True, 6: True, 7: True, 8: True, 9: True, 10: True, 11: True, 12: False, 13: True, 14: True, 15: False, 16: True, 17: False, 18: True, 19: False, 20: True, 21: True, 22: False, 23: False, 24: True}"
320,24,240,BestCase,S,0.020158834056928754,"{1: True, 2: True, 3: True, 4: True, 5: True, 6: True, 7: True, 8: True, 9: True, 10: True, 11: False, 12: False, 13: False, 14: True, 15: True, 16: True, 17: False, 18: False, 19: True, 20: True, 21: False, 22: False, 23: True, 24: False}"
321,4,40,BestCase,S,4.8457994125783443e-05,"{1: True, 2: True, 3: True, 4: True}"
322,4,40,BestCase,S,4.233303479850292e-05,"{1: True, 2: True, 3: True, 4: True}"
323,4,40,BestCase,S,3.966700751334429e-05,"{1: True, 2: True, 3: True, 4: False}"
324,4,40,BestCase,S,7.208401802927256e-05,"{1: True, 2: True, 3: False, 4: True}"
325,4,40,BestCase,S,4.7874986194074154e-05,"{1: True, 2: True, 3: False, 4: False}"
326,4,40,BestCase,S,5.108397454023361e-05,"{1: True, 2: True, 3: False, 4: True}"
327,4,40,BestCase,S,4.612503107637167e-05,"{1: True, 2: True, 3: True, 4: True}"
328,4,40,BestCase,S,7.479195483028889e-05,"{1: True, 2: True, 3: False, 4: True}"
329,4,40,BestCase,S,6.254203617572784e-05,"{1: True, 2: True, 3: False, 4: False}"
330,4,40,BestCase,S,8.349993731826544e-05,"{1: True, 2: True, 3: False, 4: False}"
331,8,80,BestCase,S,0.00015954207628965378,"{1: True, 2: True, 3: True, 4: True, 5: True, 6: True, 7: True, 8: True}"
332,8,80,BestCase,S,0.00012854195665568113,"{1: True, 2: True, 3: True, 4: True, 5: True, 6: True, 7: True, 8: False}"
333,8,80,BestCase,S,0.00017470901366323233,"{1: True, 2: True, 3: True, 4: True, 5: True, 6: True, 7: False, 8: True}"
334,8,80,BestCase,S,0.00015058403369039297,"{1: True, 2: True, 3: True, 4: True, 5: True, 6: True, 7: True, 8: True}"
335,8,80,BestCase,S,0.0001456249738112092,"{1: True, 2: True, 3: True, 4: True, 5: True, 6: True, 7: True, 8: True}"
336,8,80,BestCase,S,0.0002003329573199153,"{1: True, 2: True, 3: True, 4: True, 5: True, 6: True, 7: False, 8: False}"
337,8,80,BestCase,S,0.00018099998123943806,"{1: True, 2: True, 3: True, 4: True, 5: True, 6: False, 7: True, 8: False}"
338,8,80,BestCase,S,0.00013383303303271532,"{1: True, 2: True, 3: True, 4: True, 5: True, 6: True, 7: True, 8: True}"
339,8,80,BestCase,S,0.00024637498427182436,"{1: True, 2: True, 3: True, 4: True, 5: True, 6: True, 7: True, 8: False}"
340,8,80,BestCase,S,0.00015016598626971245,"{1: True, 2: True, 3: True, 4: True, 5: True, 6: True, 7: True, 8: True}"
341,12,120,BestCase,S,0.000423082965426147,"{1: True, 2: True, 3: True, 4: True, 5: True, 6: True, 7: False, 8: True, 9: True, 10: True, 11: False, 12: False}"
342,12,120,BestCase,S,0.0004633750068023801,"{1: True, 2: True, 3: True, 4: True, 5: True, 6: True, 7: True, 8: True, 9: True, 10: False, 11: False, 12: True}"
343,12,120,BestCase,S,0.0003795420052483678,"{1: True, 2: True, 3: True, 4: True, 5: True, 6: True, 7: True, 8: False, 9: True, 10: True, 11: True, 12: True}"
344,12,120,BestCase,S,0.00036870897747576237,"{1: True, 2: True, 3: True, 4: True, 5: True, 6: True, 7: True, 8: True, 9: True, 10: True, 11: False, 12: False}"
345,12,120,BestCase,S,0.0008854588959366083,"{1: True, 2: True, 3: True, 4: True, 5: True, 6: True, 7: False, 8: False, 9: False, 10: False, 11: True, 12: True}"
346,12,120,BestCase,S,0.0005691249389201403,"{1: True, 2: True, 3: True, 4: True, 5: True, 6: True, 7: True, 8: False, 9: False, 10: True, 11: True, 12: True}"
347,12,120,BestCase,S,0.0003293749177828431,"{1: True, 2: True, 3: True, 4: True, 5: True, 6: True, 7: True, 8: True, 9: True, 10: True, 11: True, 12: False}"
348,12,120,BestCase,S,0.001042415970005095,"{1: True, 2: True, 3: True, 4: True, 5: True, 6: False, 7: True, 8: True, 9: True, 10: True, 11: False, 12: False}"
349,12,120,BestCase,S,0.00043366593308746815,"{1: True, 2: True, 3: True, 4: True, 5: True, 6: True, 7: True, 8: False, 9: True, 10: False, 11: True, 12: True}"
350,12,120,BestCase,S,0.0003404580056667328,"{1: True, 2: True, 3: True, 4: True, 5: True, 6: True, 7: True, 8: True, 9: True, 10: True, 11: False, 12: True}"
351,16,160,BestCase,S,0.000579542014747858,"{1: True, 2: True, 3: True, 4: True, 5: True, 6: True, 7: True, 8: True, 9: True, 10: True, 11: False, 12: True, 13: True, 14: True, 15: True, 16: False}"
352,16,160,BestCase,S,0.002904499997384846,"{1: True, 2: True, 3: True, 4: True, 5: True, 6: True, 7: True, 8: True, 9: True, 10: False, 11: True, 12: True, 13: True, 14: False, 15: True, 16: False}"
353,16,160,BestCase,S,0.0015776670770719647,"{1: True, 2: True, 3: True, 4: True, 5: True, 6: True, 7: True, 8: True, 9: True, 10: False, 11: True, 12: True, 13: True, 14: True, 15: False, 16: False}"
354,16,160,BestCase,S,0.0008589169010519981,"{1: True, 2: True, 3: True, 4: True, 5: True, 6: True, 7: True, 8: True, 9: True, 10: True, 11: True, 12: False, 13: True, 14: False, 15: True, 16: True}"
355,16,160,BestCase,S,0.0006112080300226808,"{1: True, 2: True, 3: True, 4: True, 5: True, 6: True, 7: True, 8: True, 9: True, 10: True, 11: True, 12: False, 13: True, 14: False, 15: True, 16: True}"
356,16,160,BestCase,S,0.0009419580455869436,"{1: True, 2: True, 3: True, 4: True, 5: True, 6: True, 7: True, 8: True, 9: True, 10: True, 11: True, 12: False, 13: True, 14: True, 15: False, 16: True}"
357,16,160,BestCase,S,0.0005772500298917294,"{1: True, 2: True, 3: True, 4: True, 5: True, 6: True, 7: True, 8: True, 9: True, 10: True, 11: True, 12: True, 13: False, 14: True, 15: True, 16: True}"
358,16,160,BestCase,S,0.0009452080121263862,"{1: True, 2: True, 3: True, 4: True, 5: True, 6: True, 7: True, 8: True, 9: True, 10: False, 11: True, 12: True, 13: False, 14: True, 15: False, 16: False}"
359,16,160,BestCase,S,0.0005736249731853604,"{1: True, 2: True, 3: True, 4: True, 5: True, 6: True, 7: True, 8: True, 9: True, 10: True, 11: True, 12: True, 13: True, 14: False, 15: False, 16: False}"
360,16,160,BestCase,S,0.0005554170347750187,"{1: True, 2: True, 3: True, 4: True, 5: True, 6: True, 7: True, 8: True, 9: True, 10: True, 11: True, 12: True, 13: True, 14: True, 15: False, 16: True}"
361,18,180,BestCase,S,0.000668457942083478,"{1: True, 2: True, 3: True, 4: True, 5: True, 6: True, 7: True, 8: True, 9: True, 10: True, 11: True, 12: True, 13: True, 14: True, 15: True, 16: True, 17: False, 18: False}"
362,18,180,BestCase,S,0.0011309999972581863,"{1: True, 2: True, 3: True, 4: True, 5: True, 6: True, 7: True, 8: True, 9: True, 10: True, 11: True, 12: True, 13: False, 14: True, 15: True, 16: False, 17: True, 18: False}"
363,18,180,BestCase,S,0.001123166992329061,"{1: True, 2: True, 3: True, 4: True, 5: True, 6: True, 7: True, 8: True, 9: True, 10: True, 11: False, 12: True, 13: False, 14: True, 15: False, 16: True, 17: True, 18: True}"
364,18,180,BestCase,S,0.0006813330110162497,"{1: True, 2: True, 3: True, 4: True, 5: True, 6: True, 7: True, 8: True, 9: True, 10: False, 11: True, 12: True, 13: True, 14: True, 15: True, 16: False, 17: False, 18: False}"
365,18,180,BestCase,S,0.00742204103153199,"{1: True, 2: True, 3: True, 4: True, 5: True, 6: True, 7: True, 8: True, 9: True, 10: False, 11: True, 12: False, 13: False, 14: True, 15: False, 16: True, 17: True, 18: False}"
366,18,180,BestCase,S,0.0007126660784706473,"{1: True, 2: True, 3: True, 4: True, 5: True, 6: True, 7: True, 8: True, 9: True, 10: True, 11: False, 12: True, 13: True, 14: True, 15: True, 16: True, 17: False, 18: False}"
367,18,180,BestCase,S,0.0013234170619398355,"{1: True, 2: True, 3: True, 4: True, 5: True, 6: True, 7: True, 8: True, 9: True, 10: True, 11: True, 12: False, 13: True, 14: True, 15: True, 16: True, 17: False, 18: False}"
368,18,180,BestCase,S,0.00416454195510596,"{1: True, 2: True, 3: True, 4: True, 5: True, 6: True, 7: True, 8: True, 9: True, 10: True, 11: False, 12: True, 13: True, 14: False, 15: False, 16: False, 17: True, 18: False}"
369,18,180,BestCase,S,0.008562417002394795,"{1: True, 2: True, 3: True, 4: True, 5: True, 6: True, 7: True, 8: True, 9: False, 10: True, 11: True, 12: True, 13: False, 14: True, 15: True, 16: True, 17: False, 18: True}"
370,18,180,BestCase,S,0.0007090409053489566,"{1: True, 2: True, 3: True, 4: True, 5: True, 6: True, 7: True, 8: True, 9: True, 10: True, 11: True, 12: True, 13: True, 14: True, 15: True, 16: True, 17: True, 18: True}"
371,20,200,BestCase,S,0.0019524999661371112,"{1: True, 2: True, 3: True, 4: True, 5: True, 6: True, 7: True, 8: True, 9: True, 10: True, 11: True, 12: False, 13: True, 14: True, 15: True, 16: False, 17: True, 18: True, 19: False, 20: True}"
372,20,200,BestCase,S,0.0010335840051993728,"{1: True, 2: True, 3: True, 4: True, 5: True, 6: True, 7: True, 8: True, 9: True, 10: True, 11: True, 12: True, 13: True, 14: True, 15: False, 16: True, 17: True, 18: True, 19: False, 20: True}"
373,20,200,BestCase,S,0.0009080419549718499,"{1: True, 2: True, 3: True, 4: True, 5: True, 6: True, 7: True, 8: True, 9: True, 10: True, 11: True, 12: True, 13: True, 14: True, 15: True, 16: True, 17: True, 18: True, 19: True, 20: False}"
374,20,200,BestCase,S,0.0009360000258311629,"{1: True, 2: True, 3: True, 4: True, 5: True, 6: True, 7: True, 8: True, 9: True, 10: True, 11: True, 12: True, 13: True, 14: True, 15: False, 16: True, 17: True, 18: False, 19: True, 20: True}"
375,20,200,BestCase,S,0.0009072079556062818,"{1: True, 2: True, 3: True, 4: True, 5: True, 6: True, 7: True, 8: True, 9: True, 10: True, 11: True, 12: True, 13: True, 14: True, 15: True, 16: True, 17: True, 18: True, 19: False, 20: True}"
376,20,200,BestCase,S,0.009005666943266988,"{1: True, 2: True, 3: True, 4: True, 5: True, 6: True, 7: True, 8: True, 9: True, 10: False, 11: True, 12: False, 13: False, 14: False, 15: True, 16: True, 17: True, 18: True, 19: True, 20: True}"
377,20,200,BestCase,S,0.0008482919074594975,"{1: True, 2: True, 3: True, 4: True, 5: True, 6: True, 7: True, 8: True, 9: True, 10: True, 11: True, 12: True, 13: True, 14: True, 15: True, 16: False, 17: True, 18: True, 19: True, 20: False}"
378,20,200,BestCase,S,0.0009433749364688993,"{1: True, 2: True, 3: True, 4: True, 5: True, 6: True, 7: True, 8: True, 9: True, 10: False, 11: True, 12: True, 13: True, 14: True, 15: True, 16: True, 17: True, 18: True, 19: False, 20: True}"
379,20,200,BestCase,S,0.008244917029514909,"{1: True, 2: True, 3: True, 4: True, 5: True, 6: True, 7: True, 8: False, 9: True, 10: False, 11: False, 12: False, 13: False, 14: True, 15: True, 16: True, 17: True, 18: False, 19: True, 20: False}"
380,20,200,BestCase,S,0.0008981249993667006,"{1: True, 2: True, 3: True, 4: True, 5: True, 6: True, 7: True, 8: True, 9: True, 10: True, 11: True, 12: True, 13: False, 14: True, 15: True, 16: True, 17: True, 18: False, 19: True, 20: True}"
381,22,220,BestCase,S,0.0010730000212788582,"{1: True, 2: True, 3: True, 4: True, 5: True, 6: True, 7: True, 8: True, 9: True, 10: True, 11: True, 12: True, 13: False, 14: True, 15: True, 16: True, 17: True, 18: True, 19: False, 20: True, 21: True, 22: False}"
382,22,220,BestCase,S,0.001727249938994646,"{1: True, 2: True, 3: True, 4: True, 5: True, 6: True, 7: True, 8: True, 9: True, 10: True, 11: True, 12: False, 13: True, 14: True, 15: True, 16: True, 17: False, 18: False, 19: False, 20: True, 21: False, 22: True}"
383,22,220,BestCase,S,0.008176291943527758,"{1: True, 2: True, 3: True, 4: True, 5: True, 6: True, 7: True, 8: True, 9: True, 10: True, 11: False, 12: False, 13: True, 14: True, 15: True, 16: False, 17: False, 18: True, 19: False, 20: True, 21: False, 22: False}"
384,22,220,BestCase,S,0.0009995830478146672,"{1: True, 2: True, 3: True, 4: True, 5: True, 6: True, 7: True, 8: True, 9: True, 10: True, 11: True, 12: True, 13: True, 14: True, 15: True, 16: True, 17: True, 18: False, 19: True, 20: True, 21: True, 22: True}"
385,22,220,BestCase,S,0.0019009170355275273,"{1: True, 2: True, 3: True, 4: True, 5: True, 6: True, 7: True, 8: True, 9: True, 10: True, 11: True, 12: True, 13: True, 14: True, 15: False, 16: True, 17: False, 18: False, 19: True, 20: True, 21: True, 22: True}"
386,22,220,BestCase,S,0.001001416938379407,"{1: True, 2: True, 3: True, 4: True, 5: True, 6: True, 7: True, 8: True, 9: True, 10: True, 11: True, 12: True, 13: True, 14: True, 15: True, 16: True, 17: True, 18: True, 19: True, 20: True, 21: False, 22: True}"
387,22,220,BestCase,S,0.0013776670675724745,"{1: True, 2: True, 3: True, 4: True, 5: True, 6: True, 7: True, 8: True, 9: True, 10: True, 11: True, 12: True, 13: True, 14: True, 15: True, 16: True, 17: False, 18: True, 19: True, 20: True, 21: True, 22: False}"
388,22,220,BestCase,S,0.001323375036008656,"{1: True, 2: True, 3: True, 4: True, 5: True, 6: True, 7: True, 8: True, 9: True, 10: True, 11: True, 12: True, 13: True, 14: True, 15: True, 16: True, 17: True, 18: False, 19: True, 20: False, 21: True, 22: True}"
389,22,220,BestCase,S,0.00583579100202769,"{1: True, 2: True, 3: True, 4: True, 5: True, 6: True, 7: True, 8: True, 9: True, 10: True, 11: False, 12: False, 13: False, 14: True, 15: True, 16: True, 17: True, 18: False, 19: True, 20: False, 21: True, 22: True}"
390,22,220,BestCase,S,0.0019385000923648477,"{1: True, 2: True, 3: True, 4: True, 5: True, 6: True, 7: True, 8: True, 9: True, 10: True, 11: True, 12: True, 13: True, 14: True, 15: True, 16: True, 17: False, 18: False, 19: True, 20: False, 21: False, 22: False}"
391,24,240,BestCase,S,0.0012572919949889183,"{1: True, 2: True, 3: True, 4: True, 5: True, 6: True, 7: True, 8: True, 9: True, 10: True, 11: True, 12: True, 13: True, 14: True, 15: True, 16: True, 17: True, 18: True, 19: True, 20: True, 21: False, 22: True, 23: False, 24: True}"
392,24,240,BestCase,S,0.0029636670369654894,"{1: True, 2: True, 3: True, 4: True, 5: True, 6: True, 7: True, 8: True, 9: True, 10: True, 11: True, 12: True, 13: True, 14: True, 15: False, 16: True, 17: True, 18: False, 19: True, 20: False, 21: False, 22: False, 23: True, 24: True}"
393,24,240,BestCase,S,0.008152708993293345,"{1: True, 2: True, 3: True, 4: True, 5: True, 6: True, 7: True, 8: True, 9: True, 10: True, 11: True, 12: True, 13: True, 14: False, 15: True, 16: False, 17: True, 18: False, 19: False, 20: False, 21: True, 22: True, 23: False, 24: False}"
394,24,240,BestCase,S,0.00171083293389529,"{1: True, 2: True, 3: True, 4: True, 5: True, 6: True, 7: True, 8: True, 9: True, 10: True, 11: True, 12: True, 13: True, 14: True, 15: True, 16: True, 17: False, 18: True, 19: False, 20: False, 21: True, 22: False, 23: True, 24: False}"
395,24,240,BestCase,S,0.018396332976408303,"{1: True, 2: True, 3: True, 4: True, 5: True, 6: True, 7: True, 8: True, 9: True, 10: True, 11: True, 12: True, 13: True, 14: False, 15: True, 16: True, 17: True, 18: False, 19: True, 20: True, 21: False, 22: True, 23: True, 24: True}"
396,24,240,BestCase,S,0.001166582922451198,"{1: True, 2: True, 3: True, 4: True, 5: True, 6: True, 7: True, 8: True, 9: True, 10: True, 11: True, 12: True, 13: True, 14: True, 15: True, 16: True, 17: True, 18: True, 19: True, 20: True, 21: True, 22: True, 23: True, 24: True}"
397,24,240,BestCase,S,0.0013219580287113786,"{1: True, 2: True, 3: True, 4: True, 5: True, 6: True, 7: True, 8: True, 9: True, 10: True, 11: True, 12: True, 13: True, 14: True, 15: True, 16: True, 17: True, 18: True, 19: True, 20: True, 21: False, 22: True, 23: True, 24: False}"
398,24,240,BestCase,S,0.0012272089952602983,"{1: True, 2: True, 3: True, 4: True, 5: True, 6: True, 7: True, 8: True, 9: True, 10: True, 11: True, 12: True, 13: True, 14: True, 15: True, 16: True, 17: True, 18: True, 19: True, 20: True, 21: False, 22: True, 23: True, 24: False}"
399,24,240,BestCase,S,0.001701874891296029,"{1: True, 2: True, 3: True, 4: True, 5: True, 6: True, 7: True, 8: True, 9: True, 10: True, 11: True, 12: True, 13: True, 14: True, 15: False, 16: True, 17: False, 18: True, 19: False, 20: False, 21: False, 22: False, 23: False, 24: True}"
400,24,240,BestCase,S,0.0024567919317632914,"{1: True, 2: True, 3: True, 4: True, 5: True, 6: True, 7: True, 8: True, 9: True, 10: True, 11: True, 12: True, 13: True, 14: True, 15: True, 16: True, 17: True, 18: False, 19: True, 20: True, 21: True, 22: False, 23: True, 24: False}"
